{"cameraMode":{"drawMode":0,"name":"Shaded","section":"Shading Mode"},"sceneLighting":false,"audioPlay":false,"sceneViewState":{"m_AlwaysRefresh":false,"showFog":true,"showSkybox":true,"showFlares":true,"showImageEffects":true,"showParticleSystems":true,"showVisualEffectGraphs":true,"m_FxEnabled":true},"in2DMode":false,"pivot":{"x":21.932680130004884,"y":7.091984748840332,"z":-17.020959854125978},"rotation":{"x":-0.42168986797332766,"y":0.010132107883691788,"z":-0.00458182068541646,"w":-0.9067326784133911},"size":27.672719955444337,"orthographic":false}